DisplayName;ServiceName;StartType;ServiceType;Description
Acesso a Dados de Usuário_1c1eca42;UserDataSvc_1c1eca42;Manual;224;"Fornece aos aplicativos acesso a dados estruturados de usuário, incluindo informações de contato, calendários, mensagens e outros tipos de conteúdo. Se você interromper ou desabilitar este serviço, os aplicativos que usam esses dados poderão não funcionar corretamente."
Adaptador de Desempenho WMI;wmiApSrv;Manual;Win32OwnProcess;"Fornece informações sobre bibliotecas de desempenho de provedores WMI (Instrumentação de Gerenciamento do Windows) a clientes na rede. Este serviço é executado apenas quando o Auxiliar de Dados de Desempenho está ativado."
Agendador de Tarefas;Schedule;Automatic;Win32OwnProcess, Win32ShareProcess;"Permite que um usuário configure e agende tarefas automatizadas no computador. O serviço também hospeda várias tarefas críticas de sistema do Windows. Se este serviço for interrompido ou desativado, essas tarefas não serão executadas nos horários agendados. Se este serviço for desativado, quaisquer serviços que dele dependam diretamente não serão iniciados."
Agent Activation Runtime_1c1eca42;AarSvc_1c1eca42;Disabled;224;"Runtime for activating conversational agent applications"
Agente de Conexão de Rede;NcbService;Disabled;Win32ShareProcess;"Conexões de agentes que permitem que Aplicativos da Windows Store recebam notificações da Internet."
Agente de Descoberta em Segundo Plano de DevQuery;DevQueryBroker;Manual;Win32ShareProcess;"Permite que os aplicativos descubram dispositivos com uma tarefa em segundo plano"
Agente de Eventos do Sistema;SystemEventsBroker;Automatic;Win32ShareProcess;"Coordena a execução do trabalho em segundo plano para o aplicativo WinRT. Se este serviço for parado ou desabilitado, o trabalho em segundo plano pode não ser disparado."
Agente de Política IPsec;PolicyAgent;Manual;Win32OwnProcess, Win32ShareProcess;"O IPsec oferece suporte à autenticação par no nível da rede, autenticação de origem de dados, integridade dos dados, confidencialidade de dados (criptografia) e proteção contra repetição. Esse serviço impõe políticas IPsec criadas por meio do snap-in Políticas de Segurança IP ou a ferramenta de linha de comando "netsh ipsec". Se você interromper esse serviço, poderá ter problemas de conectividade de rede se a política exigir que as conexões usem IPsec. Além disso, o gerenciamento remoto do Windows Defender Firewall não fica disponível quando esse serviço é interrompido."
Agente de Tempo;TimeBrokerSvc;Manual;Win32OwnProcess, Win32ShareProcess;"Coordena a execução do trabalho em segundo plano para o aplicativo WinRT. Se este serviço for parado ou desabilitado, o trabalho em segundo plano pode não ser disparado."
Agrupamento de Rede de Par;p2psvc;Disabled;Win32ShareProcess;"Habilita a comunicação com vários participantes usando o Agrupamento Ponto a Ponto. Se estiver desabilitada, aplicativos como o HomeGroup não funcionarão."
Alocador Remote Procedure Call (RPC);RpcLocator;Disabled;Win32OwnProcess;"No Windows 2003 e em versões anteriores do Windows, o serviço Localizador RPC (Chamada de Procedimento Remoto) gerencia o banco de dados de serviço de nomes RPC. No Windows Vista e em versões posteriores do Windows, esse serviço não fornece nenhuma funcionalidade e está presente para compatibilidade do aplicativo."
Armazenamento de Dados de Usuário_1c1eca42;UnistoreSvc_1c1eca42;Manual;224;"Controla o armazenamento de dados estruturados de usuário, incluindo informações de contato, calendários, mensagens e outros tipos de conteúdo. Se você interromper ou desabilitar este serviço, os aplicativos que usam esses dados poderão não funcionar corretamente."
Arquivos Offline;CscService;Disabled;Win32ShareProcess;"O serviço de Arquivos Offline realiza atividades de manutenção no cache de Arquivos Offline, responde aos eventos de logon e logoff do usuário, implementa os internos do API público e despacha eventos interessantes para aqueles interessados nas atividades dos Arquivos Offline e alterações no estado do cache."
ASP.NET State Service;aspnet_state;Manual;Win32OwnProcess;"Provides support for out-of-process session states for ASP.NET. If this service is stopped, out-of-process requests will not be processed. If this service is disabled, any services that explicitly depend on it will fail to start."
Assistente de aquisição de imagens do Windows (WIA);stisvc;Automatic;Win32OwnProcess;"Fornece serviços de aquisição de imagem a scanners e câmeras"
Assistente de Conectividade de Rede;NcaSvc;Manual;Win32ShareProcess;"Fornece notificação de status do DirectAccess para componentes da interface de usuário"
Assistente de Conexão de Conta da Microsoft;wlidsvc;Manual;Win32OwnProcess, Win32ShareProcess;"Permite que o usuário entre nos serviços de identidade da conta da Microsoft. Se este serviço for interrompido, os usuários não poderão fazer logon no computador com a respectiva conta da Microsoft."
AtherosSvc;AtherosSvc;Manual;Win32OwnProcess;""
Atualizador de Fuso Horário Automático;tzautoupdate;Manual;Win32OwnProcess, Win32ShareProcess;"Define automaticamente o fuso horário do sistema."
Atualizar o Serviço Orchestrator;UsoSvc;Automatic;Win32OwnProcess, Win32ShareProcess;"Gerencia as Atualizações do Windows. Se interrompido, seus dispositivos não poderão baixar e instalar as atualizações mais recentes."
Autenticação Natural;NaturalAuthentication;Manual;Win32ShareProcess;"Serviço de agregador de sinal, que avalia sinais com base em fatores de hora, rede, geolocalização, Bluetooth e cdf. Os recursos compatíveis são Desbloqueio de Dispositivo, Bloqueio Dinâmico e políticas MDM Dynamo."
Auxiliar de IP;iphlpsvc;Automatic;Win32OwnProcess, Win32ShareProcess;"Fornece conectividade em túnel usando tecnologias de transição do IPv6 (6to4, ISATAP, Port Proxy e Teredo) e IP-HTTPS. Se esse serviço for parado, o computador não terá os benefícios de conectividade aprimorada que essas tecnologias oferecem."
Auxiliar NetBIOS TCP/IP;lmhosts;Manual;Win32OwnProcess, Win32ShareProcess;"Oferece suporte ao serviço NetBIOS sobre TCP/IP (NetBT) e à resolução de nomes NetBIOS para clientes na rede, permitindo que os usuários compartilhem arquivos, imprimam e façam logon na rede. Se este serviço for interrompido, essas funções poderão ficar indisponíveis. Se este serviço for desabilitado, nenhum serviço que dependa explicitamente dele será iniciado."
Backup do Windows;SDRSVC;Manual;Win32OwnProcess;"Fornece recursos de Backup e Restauração do Windows."
BattlEye Service;BEService;Manual;Win32OwnProcess;""
BranchCache;PeerDistSvc;Disabled;Win32ShareProcess;"Este serviço armazena em cache o conteúdo de rede de pares na sub-rede local."
CaptureService_1c1eca42;CaptureService_1c1eca42;Disabled;224;"Habilita a funcionalidade de captura de tela opcional para aplicativos que chamam a API Windows.Graphics.Capture."
Cartão inteligente;SCardSvr;Manual;Win32ShareProcess;"Gerencia o acesso a cartões inteligentes lidos por este computador. Se inserido em um leitor de cartão inteligente conectado ao computador. Se este serviço for interrompido, o computador não poderá ler cartões inteligentes. Se este serviço for desativado, quaisquer serviços que dele dependam  diretamente não serão inicializados."
Central de Segurança;wscsvc;Automatic;Win32OwnProcess, Win32ShareProcess;"O serviço WSCSVC (Central de Segurança do Windows) monitora e relata as configurações de integridade de segurança no computador. As configurações de integridade incluem firewall (ligado/desligado) antivírus (ligado/desligado/desatualizado), antispyware (ligado/desligado/desatualizado), Windows Update (baixar e instalar atualizações automaticamente/manualmente), Controle de Conta de Usuário (ligado/desligado) e Configurações da Internet (recomendado/não recomendado). O serviço fornece APIs COM para que os fornecedores independentes de software registrem e gravem o estado de seus produtos no serviço Central de Segurança. A interface do usuário Segurança e Manutenção usa o serviço para fornecer alertas systray e uma exibição gráfica dos estados de integridade de segurança no painel de controle Segurança e Manutenção. A Proteção de Acesso à Rede (NAP) usa o serviço para relatar os estados de integridade de segurança dos clientes para o Servidor de Políticas de Rede do NAP a fim de tomar decisões sobre quarentena na rede. O serviço também tem uma API pública que permite que os clientes externos recuperem de forma programática o estado de integridade de segurança agregado do sistema."
Cliente da Política de Grupo;gpsvc;Automatic;Win32OwnProcess, Win32ShareProcess;"O serviço é responsável pela aplicação de configurações definidas por administradores para o computador e os usuários pelo componente Política de Grupo. Se o serviço estiver desabilitado, as configurações não serão aplicadas, e aplicativos e componentes não poderão ser gerenciados por meio da Política de Grupo. Qualquer componente ou aplicativo que dependa do componente Política de Grupo talvez não funcione se o serviço estiver desabilitado."
Cliente da Web;WebClient;Disabled;Win32ShareProcess;"Permite que programas baseados em Windows criem, acessem e modifiquem arquivos baseados na Internet. Se este serviço for interrompido, essas funções não estarão disponíveis. Se este serviço for desativado, quaisquer serviços que dele dependam diretamente não serão iniciados."
Cliente de rastreamento de link distribuído;TrkWks;Manual;Win32ShareProcess;"Mantém vínculos entre arquivos NTFS em um computador ou através de computadores em uma rede."
Cliente DHCP;Dhcp;Automatic;Win32OwnProcess, Win32ShareProcess;"Registra e atualiza endereços IP e registros DNS para este computador. Se o serviço for interrompido, o computador não receberá endereços IP dinâmicos e atualizações de DNS. Se o serviço for desabilitado, qualquer serviço que dependa dele explicitamente não será iniciado."
Cliente DNS;Dnscache;Automatic;Win32OwnProcess, Win32ShareProcess;"O serviço Cliente DNS (dnscache) armazena em cache os nomes do Sistema de Nome de Domínio (DNS) e registra o nome completo deste computador. Se o serviço for interrompido, os nomes DNS continuarão a ser resolvidos. Contudo, os resultados de consultas de nomes DNS não serão armazenados em cache e o nome do computador não será registrado. Se o serviço for desabilitado, todos os serviços que dependam diretamente dele não serão inicializados."
Coletor de Eventos do Windows;Wecsvc;Manual;Win32ShareProcess;"Esse serviço gerencia assinaturas persistentes em eventos de origens remotas que oferecem suporte ao protocolo WS-Management. Isso inclui logs de eventos do Windows Vista, origens de eventos de hardware e com IPMI habilitado. O serviço armazena eventos enviados em um Log de Eventos local. Se esse serviço for interrompido ou desabilitado, assinaturas de eventos não poderão ser criadas e os eventos enviados não poderão ser aceitos."
COM+ evento do sistema;EventSystem;Automatic;Win32OwnProcess, Win32ShareProcess;"Oferece suporte ao Serviço de Notificação de Eventos do Sistema (SENS), que fornece a distribuição automática de eventos para inscrição de componentes do Modelo de Objeto de Componente (COM). Se o serviço for interrompido, o SENS fechará e não poderá fornecer notificações de logon e logoff. Se este serviço for desabilitado, os serviços que dependerem explicitamente dele não serão inicializados."
COM+ System Application;COMSysApp;Manual;Win32OwnProcess;"Gerencia a configuração e o rastreamento de componentes baseados no Modelo de Objeto de Componente (COM)+. Se o serviço for interrompido, a maioria dos componentes baseados no COM+ não funcionará corretamente. Se esse serviço for desabilitado, os serviços que dependerem explicitamente dele não serão iniciados."
Conexão Fácil do Windows - Registrador de Configuração;wcncsvc;Manual;Win32ShareProcess;"O WCNCSVC hospeda a configuração da Conexão Fácil do Windows, que é a implementação da Microsoft para protocolo WPS. Ele é usado para definir configurações de LAN sem fio para um ponto de acesso ou dispositivo Wi-Fi. O serviço é iniciado programaticamente quando necessário."
Conexões de Rede;Netman;Manual;Win32OwnProcess, Win32ShareProcess;"Gerencia objetos da pasta de Conexões de Rede e Discadas, na qual você pode exibir conexões remotas e de rede local."
Configuração Automática com Fio;dot3svc;Manual;Win32ShareProcess;"O Serviço de Configuração Automática de Rede com Fio (DOT3SVC) é responsável pela autenticação IEEE 802.1X em interfaces Ethernet. Se a sua implantação atual de rede com fio exige autenticação 802.1X, o serviço DOT3SVC deve ser configurado para ser executado a fim de estabelecer conectividade de Camada 2 e/ou fornecer acesso aos recursos de rede. As redes com fio que não exigem autenticação 802.1X não são afetadas pelo serviço DOT3SVC."
Configuração Automática de WLAN;WlanSvc;Automatic;Win32OwnProcess;"O serviço WLANSVC fornece a lógica necessária para configurar, descobrir, se conectar e desconectar de uma WLAN (rede local sem fio), conforme definido pelos padrões IEEE 802.11. Ele também contém a lógica para transformar seu computador em um ponto de acesso de software, assim outros dispositivos ou computadores poderão se conectar ao seu computador sem fios usando um adaptador WLAN que suporte isso. Interromper ou desabilitar o serviço WLANSVC tornará todos os adaptadores WLAN em seu computador inacessíveis da IU da rede do Windows. Recomenda-se com veemência que o serviço WLANSVC seja executado se o seu computador tiver um adaptador WLAN."
Configuração Automática de WWAN;WwanSvc;Manual;Win32ShareProcess;"Esse serviço gerencia placas de dados/adaptadores de módulo inseridos de banda larga móvel (GSM & CDMA) por meio da configuração automática das redes. É altamente recomendado que o serviço seja mantido ativado para uma melhor experiência dos usuários de dispositivos de banda larga móveis."
Configuração da Área de Trabalho Remota;SessionEnv;Manual;Win32ShareProcess;"O serviço RDCS (serviço de Configuração da Área de Trabalho Remota) é responsável por todos os Serviços da Área de Trabalho Remota e atividades de manutenção de sessão e configuração relacionadas à Área de Trabalho Remota que exigem contexto SYSTEM. Isso inclui pastas temporárias por sessão, temas de RD e certificados de RD."
ConsentUX_1c1eca42;ConsentUxUserSvc_1c1eca42;Manual;240;"Permite Configurações de ConnectUX e PC para Conectar e Emparelhar com telas WiFi e dispositivos Bluetooth."
Construtor de Pontos de Extremidade de Áudio do Windows;AudioEndpointBuilder;Automatic;Win32OwnProcess, Win32ShareProcess;"Gerencia dispositivos de áudio para o serviço Áudio do Windows. Se esse serviço for interrompido, os dispositivos e os efeitos de áudio não funcionarão corretamente. Se esse serviço estiver desabilitado, qualquer serviço que dependa explicitamente dele não será iniciado"
Controles dos Pais;WpcMonSvc;Manual;Win32OwnProcess;"Impõe controles dos pais para contas de criança no Windows. Se este serviço for interrompido ou desabilitado, os controles dos pais não poderão ser impostos."
Contêiner do Microsoft Passport;NgcCtnrSvc;Manual;Win32OwnProcess, Win32ShareProcess;"Gerencia as chaves de identidade do usuário local usadas para a autenticação em provedores de identidade, além de cartões inteligentes virtuais do TPM. Se esse serviço estiver desabilitado, as chaves de identidade do usuário local e os cartões inteligentes virtuais não estarão acessíveis. É recomendável não reconfigurar esse serviço."
Coordenador de transações distribuídas;MSDTC;Manual;Win32OwnProcess;"Coordena as transações que incluem vários gerenciadores de recursos, como bancos de dados, filas de mensagens e sistemas de arquivos. Se esse serviço for interrompido, essas transações falharão. Se o serviço for desabilitado, os serviços que dependerem explicitamente dele não serão inicializados."
CoreMessaging;CoreMessagingRegistrar;Automatic;Win32ShareProcess;"Manages communication between system components."
Corsair Gaming Audio Configuration Service;CorsairGamingAudioConfig;Manual;Win32OwnProcess;"Corsair Gaming Audio Configuration Service"
Corsair Service;CorsairService;Manual;Win32OwnProcess;"Corsair Service"
CredentialEnrollmentManagerUserSvc_1c1eca42;CredentialEnrollmentManagerUserSvc_1c1eca42;Manual;208;"Gerenciador de Registros de Credenciais"
Cópia de Sombra de Volume;VSS;Manual;Win32OwnProcess;"Gerencia e implementa Cópias de Sombra de Volume usadas para backups e outros fins. Se esse serviço for interrompido, as cópias de sombra não estarão disponíveis para o backup, que poderá falhar. Se esse serviço for desabilitado, qualquer serviço que dependa dele de forma explícita não poderá ser iniciado."
Dados de Contato_1c1eca42;PimIndexMaintenanceSvc_1c1eca42;Manual;224;"Indexa dados de contato para pesquisas rápidas de contatos. Se você interromper ou desabilitar este serviço, os contatos poderão não aparecer nos resultados da pesquisa."
Dell Client Management Service;DellClientManagementService;Automatic;Win32OwnProcess;"Enables Dell applications to manage Dell specific features of the system. If this service is stopped, any services that explicitly depend on it will cause this service to be restarted. If this service is disabled, any services that explicitly depend on it will fail to function."
Dell Command | Power Manager Notify;dcpm-notify;Manual;Win32OwnProcess, InteractiveProcess;""
Dell Data Vault Collector;DDVDataCollector;Automatic;Win32OwnProcess;"DDV Collector service gathers system information and stores it for later use"
Dell Data Vault Processor;DDVRulesProcessor;Automatic;Win32OwnProcess;"DDV Rules Processor generates alerts based on data collected by DDV Collector service"
Dell Data Vault Service API;DDVCollectorSvcApi;Automatic;Win32OwnProcess;"Dell Data Vault Service API exposes a COM API for working with the DDV services"
Dell Hardware Support;Dell Hardware Support;Automatic;Win32OwnProcess;"Dell Hardware Support continuously monitors PC component health to identify and help resolve possible hardware issues."
Dell SupportAssist;SupportAssistAgent;Automatic;Win32OwnProcess;"Dell SupportAssist keeps your PC up to date and running at its best with recommended software and driver updates. It also helps resolve issues quickly by detecting common problems and sending issue details to Dell Technical Support agents on your behalf."
Dell.CommandPowerManager.Service;Dell.CommandPowerManager.Service;Manual;Win32OwnProcess;""
Descoberta SSDP;SSDPSRV;Manual;Win32OwnProcess, Win32ShareProcess;"Descobre dispositivos e serviços de rede que usam o protocolo de descoberta SSDP, como dispositivos UPnP. Também anuncia dispositivos e serviços SSDP em execução no computador local. Se esse serviço for interrompido, os dispositivos baseados em SSDP não serão descobertos. Se esse serviço for desabilitado, os serviços que dependerem dele explicitamente não serão iniciados."
Detecção do hardware do shell;ShellHWDetection;Automatic;Win32OwnProcess, Win32ShareProcess;"Fornece notificações de eventos de hardware de Reprodução Automática."
DeviceAssociationBroker_1c1eca42;DeviceAssociationBrokerSvc_1c1eca42;Manual;224;"Enables apps to pair devices"
DevicePicker_1c1eca42;DevicePickerUserSvc_1c1eca42;Manual;224;"Este serviço de usuário é usado para gerenciar a interface do usuário do Miracast, DLNA e DIAL"
DevicesFlow_1c1eca42;DevicesFlowUserSvc_1c1eca42;Manual;224;"Permite configurações de ConnectUX e PC para conectar e emparelhar com monitores WiFi e dispositivos Bluetooth."
Diagnostic Execution Service;diagsvc;Manual;Win32ShareProcess;"Executes diagnostic actions for troubleshooting support"
Disco Virtual;vds;Manual;Win32OwnProcess;"Fornece serviços de gerenciamento para discos, volumes, sistemas de arquivos e matrizes de armazenamento."
EasyAntiCheat;EasyAntiCheat;Manual;Win32OwnProcess;"Provides integrated security and services for online multiplayer games."
EFS (Encrypting File System);EFS;Manual;Win32ShareProcess;"Fornece a tecnologia básica de criptografia de arquivos usada para armazenar arquivos criptografados em volumes do sistema de arquivos NTFS. Se esse serviço for interrompido ou desabilitado, os aplicativos não poderão acessar arquivos criptografados."
Estação de trabalho;LanmanWorkstation;Automatic;Win32OwnProcess, Win32ShareProcess;"Cria e mantém conexões de rede cliente com servidores remotos usando o protocolo SMB. Se o serviço for interrompido, as conexões ficarão indisponíveis. Se for desabilitado, todos os serviços que dependem diretamente dele não serão inicializados."
Eventos de Aquisição de Imagens Estáticas;WiaRpc;Manual;Win32ShareProcess;"Inicia aplicativos associados a eventos de aquisição de imagens estáticas."
Exibir Serviço de Política;DispBrokerDesktopSvc;Automatic;Win32OwnProcess, Win32ShareProcess;"Gerencia a conexão e a configuração de telas locais e remotas"
Experiências do Usuário Conectado e Telemetria;DiagTrack;Disabled;Win32OwnProcess;"O serviço Experiências do Usuário Conectado e Telemetria habilita recursos que dão suporte a experiências de usuários conectados e no aplicativo. Além disso, esse serviço gerencia a coleção de dados controlada por eventos e a transmissão de informações de uso e diagnóstico (usadas para melhorar a experiência e a qualidade da Plataforma Windows) quando as configurações da opção de privacidade de uso e diagnóstico estiverem habilitadas em Comentários e Diagnóstico."
Extensões e Notificações da Impressora;PrintNotify;Disabled;Win32ShareProcess, InteractiveProcess;"Este serviço abre caixas de diálogos personalizadas da impressora e identifica as notificações de um servidor de impressão ou de uma impressora remota. Se você desligar este serviço, não será capaz de ver as extensões ou notificações da impressora."
Fax;Fax;Disabled;Win32OwnProcess;"Permite enviar e receber fax, usando recursos de fax disponíveis no computador ou na rede."
Gerenciador de Autenticação Xbox Live;XblAuthManager;Disabled;Win32ShareProcess;"Fornece serviços de autenticação e autorização para interagir com o Xbox Live. Algumas aplicações podem não funcionar corretamente se esse serviço for interrompido."
Gerenciador de conexão de acesso remoto automático;RasAuto;Manual;Win32ShareProcess;"Cria uma conexão com uma rede remota sempre que um programa faz referência a um endereço ou nome DNS ou NetBIOS remoto."
Gerenciador de conexão de acesso remoto;RasMan;Automatic;Win32ShareProcess;"Gerencia conexões de rede dial-up e virtual privada (VPN) a partir deste computador com a Internet ou outras redes remotas. Se este serviço estiver desabilitado, todos os serviços que dependerem explicitamente dele não serão iniciados."
Gerenciador de Conexões do Windows;Wcmsvc;Automatic;Win32OwnProcess;"Toma decisões de conexão/desconexão automática com base nas opções de conectividade disponíveis no momento para o PC e permite o gerenciamento da conectividade de rede com base nas configurações da Política de Grupo."
Gerenciador de Conta da Web;TokenBroker;Manual;Win32OwnProcess, Win32ShareProcess;"Este serviço é usado pelo Gerenciador de Conta da Web para fornecer logon único a apps e serviços."
Gerenciador de Credenciais;VaultSvc;Manual;Win32ShareProcess;"Fornece armazenamento de segurança e recuperação de credenciais a usuários, aplicativos e pacotes de serviço de segurança."
Gerenciador de Identidades de Rede de Par;p2pimsvc;Disabled;Win32ShareProcess;"Fornece serviços de identidade para os serviços Protocolo PNRP e Agrupamento Ponto a Ponto. Se forem desabilitados, esses serviços poderão não funcionar e alguns aplicativos, como HomeGroup e Remote Assistance, poderão não funcionar corretamente."
Gerenciador de Instalação de Dispositivo;DsmSvc;Manual;Win32OwnProcess, Win32ShareProcess;"Habilita a detecção, o download e a instalação de software relacionado a dispositivos. Se este serviço for desabilitado, os dispositivos poderão ser configurados com software desatualizado e talvez não funcionem corretamente."
Gerenciador de Mapas Baixados;MapsBroker;Disabled;Win32OwnProcess;"Serviço Windows para acessar mapas baixados usando um aplicativo. Este serviço é iniciado sob demanda pelo aplicativo que acessa os mapas baixados. Desabilitar este serviço impedirá que os aplicativos acessem os mapas."
Gerenciador de NFC/SE e Pagamentos;SEMgrSvc;Manual;Win32OwnProcess;"Gerencia pagamentos e elementos seguros baseados em comunicação a curta distância (NFC)."
Gerenciador de Sessão Local;LSM;Automatic;Win32OwnProcess, Win32ShareProcess;"Serviço central do Windows que gerencia sessões de usuário local. Se esse serviço for interrompido ou desabilitado, o sistema ficará instável."
Gerenciador de Usuários;UserManager;Automatic;Win32OwnProcess, Win32ShareProcess;"O Gerenciador de Usuários fornece componentes de tempo de execução necessários para a interação entre vários usuários. Se esse serviço for interrompido, é possível que alguns aplicativos não funcionem corretamente."
Gerenciamento de aplicativo;AppMgmt;Disabled;Win32ShareProcess;"Processa solicitações de instalação, remoção e enumeração do software implantado por meio da Política de Grupo. Se o serviço estiver desabilitado, os usuários não conseguirão instalar, remover nem enumerar o software implantado por meio da Política de Grupo. Se este serviço estiver desabilitado, qualquer serviço que dependa explicitamente dele não será iniciado."
Gerenciamento de Camadas de Armazenamento;TieringEngineService;Manual;Win32OwnProcess;"Otimiza o posicionamento dos dados nas camadas de armazenamento em todos os espaços de armazenamento em camadas do sistema."
Gerente de Contas de Segurança;SamSs;Automatic;Win32ShareProcess;"A inicialização deste serviço indica a outros serviços que o Gerente de Contas de Segurança (SAM) está pronto para aceitar solicitações. Ao desabilitar o serviço, você impede que outros serviços do sistema sejam notificados de que o SAM está pronto, o que, por sua vez, pode causar erro na inicialização de outros serviços. Este serviço não deve ser desabilitado."
Google Chrome Elevation Service;GoogleChromeElevationService;Manual;Win32OwnProcess;""
GraphicsPerfSvc;GraphicsPerfSvc;Manual;Win32OwnProcess, Win32ShareProcess;"Graphics performance monitor service"
Hora da Rede Celular;autotimesvc;Manual;Win32OwnProcess;"Este serviço define a hora com base nas mensagens do NITZ de uma rede móvel"
Horário do Windows;W32Time;Manual;Win32OwnProcess, Win32ShareProcess;"Mantém sincronização de data e hora em todos os clientes e servidores da rede. Se este serviço for interrompido, a sincronização não ficará disponível. Se este serviço for desativado, os serviços que dele dependem explicitamente não serão iniciados."
Host de dispositivo UPnP;upnphost;Manual;Win32ShareProcess;"Permite a hospedagem de dispositivos UPnP neste computador. Se este serviço for interrompido, os dispositivos UPnP hospedados deixarão de funcionar e não será possível adicionar nenhum outro dispositivo hospedado. Se esse serviço for desabilitado, os serviços que dependerem dele explicitamente não serão iniciados."
Host de DLL de Contador de Desempenho;PerfHost;Manual;Win32OwnProcess;"Permite que usuários remotos e processos de 64 bits consultem contadores de desempenho fornecidos por DLLs de 32 bits. Se esse serviço for parado, apenas usuários locais e processos de 32 bits poderão consultar contadores de desempenho fornecidos por DLLs de 32 bits."
Host de Provedor da Descoberta de Função;fdPHost;Manual;Win32OwnProcess, Win32ShareProcess;"O serviço FDPHOST hospeda os provedores de descoberta de rede de FD (Function Discovery, Descoberta de Função). Esses provedores de FD fornecem serviços de descoberta de rede para o protocolo SSDP e o protocolo WS-D. A interrupção ou desativação do serviço FDPHOST desabilitará a descoberta de rede para esses protocolos ao usar FD. Quando esse serviço não estiver disponível, os serviços de rede usando o FD e que dependem desses protocolos de descoberta não conseguirão localizar os recursos ou dispositivos de rede."
Host de Sincronização_1c1eca42;OneSyncSvc_1c1eca42;Automatic;224;"Este serviço sincroniza emails, contatos, calendários e vários outros dados do usuário. Emails e outros aplicativos dependentes dessa funcionalidade não funcionarão adequadamente quando este serviço não estiver em execução."
Host do Serviço de Diagnóstico;WdiServiceHost;Manual;Win32OwnProcess, Win32ShareProcess;"O Host do Serviço de Diagnóstico é usado pelo Serviço de Política de Diagnóstico para hospedar diagnósticos que precisam ser executados em um contexto do Serviço Local. Se esse serviço for interrompido, os diagnósticos que dependem dele não funcionarão."
Host do Sistema de Diagnósticos;WdiSystemHost;Manual;Win32OwnProcess, Win32ShareProcess;"O Host do Sistema de Diagnóstico é usado pelo Serviço de Política de Diagnóstico para hospedar diagnósticos que precisam ser executados em um contexto do Sistema Local. Se esse serviço for interrompido, os diagnósticos que dependem dele não funcionarão."
ICS (Compartilhamento de Conexão com a Internet);SharedAccess;Disabled;Win32OwnProcess, Win32ShareProcess;"Fornece serviços de conversão de endereço de rede, endereçamento, resolução de nomes e/ou prevenção contra invasão para redes domésticas ou de pequena empresa."
Identidade do Aplicativo;AppIDSvc;Manual;Win32ShareProcess;"Determina e verifica a identidade de um aplicativo. A desabilitação desse serviço impedirá que o AppLocker seja imposto."
Informações sobre Aplicativos;Appinfo;Manual;Win32OwnProcess, Win32ShareProcess;"Facilita a execução de aplicativos interativos com privilégios administrativos adicionais. Se esse serviço for interrompido, os usuários não poderão iniciar aplicativos com privilégios administrativos adicionais necessários para executar as tarefas de usuário desejadas."
Inicializador do Processo de Servidor DCOM;DcomLaunch;Automatic;Win32ShareProcess;"O serviço COMLAUNCH inicia os servidores COM e DCOM em resposta a solicitações de ativação do objeto. Se esse serviço for interrompido ou desabilitado, os programas que utilizam COM ou DCOM não funcionarão corretamente. É altamente recomendado que o serviço DCOMLAUNCH esteja em execução."
Instalador de Módulos do Windows;TrustedInstaller;Manual;Win32OwnProcess;"Proporciona instalação, modificação e remoção de atualizações e de componentes opcionais do Windows. Se esse serviço for desativado, a instalação e desinstalação de atualizações do Windows podem falhar no computador."
Instalador do ActiveX (AxInstSV);AxInstSV;Disabled;Win32ShareProcess;"Fornece validação do Controle de Conta de Usuário para a instalação dos controles ActiveX da Internet e permite o gerenciamento da instalação dos controles ActiveX com base nas configurações da Política de Grupo. Esse serviço é iniciado sob demanda e, caso esteja desabilitado, a instalação dos controles ActiveX e comportará de acordo com as configurações padrão do navegador."
Instalação Automática de Dispositivos Conectados à Rede;NcdAutoSetup;Manual;Win32OwnProcess, Win32ShareProcess;"O serviço de Instalação Automática de Dispositivos Conectados à Rede monitora e instala dispositivos qualificados conectados a uma rede qualificada. Se esse serviço for interrompido ou desabilitado, isso impedirá que o Windows descubra e instale dispositivos conectados à rede qualificados automaticamente. Os usuários ainda poderão adicionar manualmente dispositivos conectados à rede a um PC através da interface do usuário."
Intel(R) Capability Licensing Service TCP IP Interface;Intel(R) Capability Licensing Service TCP IP Interface;Manual;Win32OwnProcess;"Version: 1.56.87.0"
Intel(R) Content Protection HDCP Service;cplspcon;Manual;Win32OwnProcess;"Intel(R) Content Protection HDCP Service - enables communication with Content Protection HDCP HW"
Intel(R) Content Protection HECI Service;cphs;Manual;Win32OwnProcess;"Intel(R) Content Protection HECI Service - enables communication with the Content Protection FW"
Intel(R) Dynamic Application Loader Host Interface Service;jhi_service;Manual;Win32OwnProcess;"Intel(R) Dynamic Application Loader Host Interface Service - Allows applications to access the local Intel (R) DAL"
Intel(R) Dynamic Platform and Thermal Framework service;esifsvc;Manual;Win32OwnProcess;"Intel(R) Dynamic Platform and Thermal Framework service"
Intel(R) HD Graphics Control Panel Service;igfxCUIService2.0.0.0;Manual;Win32OwnProcess;"Service for Intel(R) HD Graphics Control Panel"
Intel(R) Management and Security Application Local Management Service;LMS;Manual;Win32OwnProcess;"Intel(R) Management and Security Application Local Management Service - Provides OS-related Intel(R) ME functionality."
Intel(R) Optane(TM) Memory Service;iaStorAfsService;Manual;Win32OwnProcess;"Enables amazing system performance and responsiveness by accelerating frequently used files"
Intel(R) Rapid Storage Technology;IAStorDataMgrSvc;Manual;Win32OwnProcess;"Provides storage event notification and manages communication between the storage driver and user space applications."
Intel(R) RST HFC Disable Service;HfcDisableService;Manual;Win32OwnProcess;"Turns off hiberfile caching in Intel(R) RST driver."
Intel(R) Storage Middleware Service;RstMwService;Manual;Win32OwnProcess;"RPC endpoint service which allows communication between driver and Windows Store Application"
Intel(R) TPM Provisioning Service;Intel(R) TPM Provisioning Service;Manual;Win32OwnProcess;"Version: 1.56.87.0"
Interceptação SNMP;SNMPTRAP;Disabled;Win32OwnProcess;"Recebe mensagens de interceptação geradas por agentes Simple Network Management Protocol (SNMP) locais ou remotos e encaminha as mensagens aos programas de gerenciamento SNMP em execução no computador. Se este serviço for parado, os programas baseados em SNMP presentes no computador não receberão mensagens de interceptação SNMP. Se este serviço for desabilitado, os serviços que dependerem dele explicitamente não serão iniciados."
Interface de Serviço de Convidado do Hyper-V;vmicguestinterface;Disabled;Win32ShareProcess;"Apresenta uma interface para o host Hyper-V interagir com os serviços específicos executados na máquina virtual."
Isolamento de Chave CNG;KeyIso;Manual;Win32ShareProcess;"O serviço de isolamento de chave CNG é hospedado pelo processo LSA e isola o processamento de chaves privadas e operações criptográficas associadas, conforme exigido pelos Critérios Comuns. O serviço armazena e usa chaves de longa duração em um processo seguro segundo os Critérios Comuns."
KtmRm para Coordenador de Transações Distribuídas;KtmRm;Manual;Win32ShareProcess;"Coordena transações entre o MSDTC (Coordenador de Transações Distribuídas) e o KTM (Gerenciador de Transações do Kernel). Se não for necessário, recomendamos que esse serviço permaneça desativado. Se for necessário, o MSDTC e o KTM iniciarão esse serviço automaticamente. Se esse serviço for desabilitado, qualquer transação do MSDTC que interaja com um Gerenciador de Recursos do Kernel falhará e todos os serviços que dependerem explicitamente dele não serão inicializados."
Ligar/Desligar;Power;Automatic;Win32ShareProcess;"Gerencia a política de energia e a entrega de notificação de política de energia."
Log de Eventos do Windows;EventLog;Automatic;Win32OwnProcess, Win32ShareProcess;"Esse serviço gerencia eventos e logs de eventos. Oferece suporte ao log de eventos, à consulta de eventos, a assinaturas de eventos, ao arquivamento de logs de eventos e ao gerenciamento de metadados de eventos. Ele pode exibir eventos em XML e em formato de texto não criptografado. Interromper esse serviço pode comprometer a segurança e confiabilidade do sistema."
Logon de rede;Netlogon;Manual;Win32ShareProcess;"Mantém um canal seguro entre este computador e o controlador de domínio para autenticar usuários e serviços. Se este serviço for interrompido, o computador talvez não possa autenticar usuários e serviços e o controlador de domínio talvez não possa registrar registros DNS. Se o serviço for desabilitado, os serviços que dependerem dele explicitamente não serão iniciados."
Logon secundário;seclogon;Manual;Win32ShareProcess;"Ativa a inicialização de processos sob credenciais alternativas. Se o serviço for interrompido, esse tipo de acesso por logon não estará disponível. Se o serviço for desativado, quaisquer serviços que dele dependam diretamente não serão inicializados."
Logs e alertas de desempenho;pla;Manual;Win32ShareProcess;"Os Logs e Alertas de Desempenho coletam dados de desempenho de computadores locais ou remotos baseados nos parâmetros da agenda pré-configurada. Em seguida, gravam os dados em um log ou disparam um alerta. Se este serviço for interrompido, as informações de desempenho não serão coletadas. Se for desabilitado, todos os serviços que dependem explicitamente dele não conseguirão iniciar."
Mapeador da Descoberta de Topologia da Camada de Link;lltdsvc;Manual;Win32ShareProcess;"Cria um Mapa de Rede, que consiste em informações sobre o computador e a topologia do dispositivo (conectividade), e metadados que descrevem cada computador e dispositivo. Se esse serviço for desabilitado, o Mapa de Rede não funcionará apropriadamente."
Mapeador de Ponto de Extremidade RPC;RpcEptMapper;Automatic;Win32ShareProcess;"Resolve identificadores de interfaces RPC para transportar pontos de extremidade. Se este serviço estiver parado ou desativado, os programas que estiverem usando os serviços da Chamada de Procedimento Remoto (RPC) não funcionarão corretamente."
Mecanismo de Filtragem Básica;BFE;Automatic;Win32ShareProcess;"O Mecanismo de Filtragem Básica (BFE) é um serviço que administra políticas de Segurança de IP e de firewall (IPsec) e implementa a filtragem do modo de usuário. Interromper ou desabilitar o serviço BFE reduz a segurança do sistema significativamente. Isso também resulta em um comportamento imprevisível na administração de IPsec e aplicações de firewall."
MessagingService_1c1eca42;MessagingService_1c1eca42;Manual;224;"Serviço de suporte a mensagens de texto e funcionalidade relacionada."
Microsoft App-V Client;AppVClient;Manual;Win32OwnProcess;"Manages App-V users and virtual applications"
Microsoft Edge Elevation Service;MicrosoftEdgeElevationService;Manual;Win32OwnProcess;"Keeps Microsoft Edge up to update. If this service is disabled, the application will not be kept up to date."
Microsoft Edge Update Service (edgeupdate);edgeupdate;Manual;Win32OwnProcess;"Mantém o software do Microsoft atualizado. Se esse serviço for desabilitado ou interrompido, o software do Microsoft não será mantido atualizado, o que significa que as vulnerabilidades de segurança que podem surgir não poderão ser corrigidas e os recursos podem não funcionar. Esse serviço é desinstalado automaticamente quando não há software do Microsoft usando-o."
Microsoft Edge Update Service (edgeupdatem);edgeupdatem;Manual;Win32OwnProcess;"Mantém o software do Microsoft atualizado. Se esse serviço for desabilitado ou interrompido, o software do Microsoft não será mantido atualizado, o que significa que as vulnerabilidades de segurança que podem surgir não poderão ser corrigidas e os recursos podem não funcionar. Esse serviço é desinstalado automaticamente quando não há software do Microsoft usando-o."
Microsoft Office Click-to-Run Service;ClickToRunSvc;Manual;Win32OwnProcess;"‪Manages resource coordination, background streaming, and system integration of Microsoft Office products and their related updates. This service is required to run during the use of any Microsoft Office program, during initial streaming installation and all subsequent updates.‬"
Microsoft Passport;NgcSvc;Manual;Win32OwnProcess, Win32ShareProcess;"Fornece o isolamento de processos para chaves de criptografia usadas para autenticar provedores de identidade associados de usuários. Se esse serviço for desabilitado, nenhum tipo de uso e de gerenciamento dessas chaves estará disponível, o que inclui logon em computadores e sign-on único em aplicativos e sites. Esse serviço é iniciado e interrompido automaticamente. Recomendamos não reconfigurar esse serviço."
Modo inserido;embeddedmode;Manual;Win32ShareProcess;"O serviço Modo Incorporado permite cenários relacionados a Aplicativos em Segundo Plano. Desabilitar esse serviço impedirá que Aplicativos em Segundo Plano sejam ativados."
Mozilla Maintenance Service;MozillaMaintenance;Manual;Win32OwnProcess;"The Mozilla Maintenance Service ensures that you have the latest and most secure version of Mozilla Firefox on your computer. Keeping Firefox up to date is very important for your online security, and Mozilla strongly recommends that you keep this service enabled."
MySQL57;MySQL57;Manual;Win32OwnProcess;""
Módulos de Criação de Chaves IKE e AuthIP do IPSec;IKEEXT;Manual;Win32ShareProcess;"O serviço IKEEXT hospeda os módulos de criação de chaves IKE e AuthIP. Esses módulos são usados para autenticação e troca de chaves no protocolo IPSec. Ao interromper ou desabilitar o serviço IKEEXT, a troca de chaves IKE e AuthIP será desabilitada nos computadores pares. O protocolo IPSec geralmente é configurado para usar IKE ou AuthIP e, portanto, a interrupção ou desabilitação do serviço IKEEXT poderá resultar em falha no IPSec e comprometer a segurança do sistema. É altamente recomendável manter o serviço IKEEXT em execução."
NVIDIA Display Container LS;NVDisplay.ContainerLocalSystem;Automatic;Win32OwnProcess;"Container service for NVIDIA root features"
NVIDIA LocalSystem Container;NvContainerLocalSystem;Automatic;Win32OwnProcess;"Container service for NVIDIA root features"
NVIDIA NetworkService Container;NvContainerNetworkService;Manual;Win32OwnProcess;"Container service for NVIDIA network features"
Office  Source Engine;ose;Manual;Win32OwnProcess;"Saves installation files used for updates and repairs and is required for the downloading of Setup updates and Watson error reports."
OpenSSH Authentication Agent;ssh-agent;Manual;Win32OwnProcess;"Agent to hold private keys used for public key authentication."
Otimizador de unidade;defragsvc;Manual;Win32OwnProcess;"Ajuda o computador a ser executado com mais eficiência, otimizando arquivos em unidades de armazenamento."
Otimização de Entrega;DoSvc;Automatic;Win32OwnProcess, Win32ShareProcess;"Executa tarefas de otimização de entrega de conteúdo"
Pastas de Trabalho;workfolderssvc;Manual;Win32ShareProcess;"Esse serviço sincroniza arquivos com o servidor de Pastas de Trabalho, permitindo que você use os arquivos em qualquer um dos PCs e dispositivos em que configurar Pastas de Trabalho."
Plug and Play;PlugPlay;Automatic;Win32OwnProcess, Win32ShareProcess;"Permite que um computador reconheça e se adapte a alterações de hardware com pouca ou nenhuma intervenção do usuário. Se este serviço for parado ou desativado, o sistema se tornará instável."
Política de Remoção de Cartão Inteligente;SCPolicySvc;Disabled;Win32ShareProcess;"Permite configurar o sistema para bloquear a área de trabalho do usuário quando o cartão inteligente for removido."
postgresql-x64-9.3;postgresql-x64-9.3;Manual;Win32OwnProcess;"Provides relational database storage."
Preparação de Aplicativos;AppReadiness;Manual;Win32ShareProcess;"Prepara aplicativos para o uso na primeira vez que um usuário entra no computador e ao adicionar novos aplicativos."
PrintWorkflow_1c1eca42;PrintWorkflowUserSvc_1c1eca42;Manual;224;"Fluxo de Trabalho de Impressão"
Propagação de Certificado;CertPropSvc;Disabled;Win32ShareProcess;"Copia certificados de usuário e certificados raiz de cartões inteligentes para o repositório de certificados do usuário, detecta quando um cartão inteligente é inserido em um leitor de cartão de inteligente e, se necessário, instala o minidriver Plug and Play."
Proteção de Software;sppsvc;Automatic;Win32OwnProcess;"Permite o download, a instalação e a aplicação de licenças digitais do Windows e seus aplicativos. Se o serviço for desabilitado, o sistema operacional e os aplicativos licenciados poderão ser executados no modo de notificação. É altamente recomendável desabilitar o serviço Proteção de Software."
Protocolo de Autenticação Extensível;Eaphost;Manual;Win32ShareProcess;"O serviço EAP (Protocolo de Autenticação Extensível) oferece autenticação de rede em situações como 802.1x com e sem fio, VPN e NAP (Proteção de Acesso a Rede). O EAP também fornece APIs usadas por clientes de acesso à rede, incluindo clientes sem fio e VPN, durante o processo de autenticação. Se você desabilitar esse serviço, este computador será impedido de acessar redes que requeiram autenticação EAP."
Protocolo PNRP;PNRPsvc;Disabled;Win32ShareProcess;"Habilita a resolução de nomes de par sem servidor na Internet usando o protocolo PNRP. Se for desabilitado, alguns aplicativos de colaboração e ponto a ponto, como o Remote Assistance, poderão não funcionar."
Provedor de Cópia de Sombra de Software da Microsoft;swprv;Manual;Win32OwnProcess;"Gerencia cópias de sombra de volume baseadas em software obtidas pelo serviço de cópias de sombra de volume. Se o serviço for interrompido, as cópias de sombra de volume baseadas em software não poderão ser gerenciadas. Se o serviço for desativado, os serviços que dependerem dele explicitamente não serão iniciados."
Publicação de Recursos de Descoberta de Função;FDResPub;Manual;Win32OwnProcess, Win32ShareProcess;"Publica este computador e os recursos associados a ele, de modo que possam ser descobertos na rede. Se este serviço for interrompido, os recursos de rede não serão mais publicados e eles não serão descobertos por outros computadores da rede."
Qualcomm Atheros WLAN Driver Service;QcomWlanSrv;Manual;Win32OwnProcess;""
Quality Windows Audio Video Experience;QWAVE;Manual;Win32ShareProcess;"O Quality Windows Audio Video Experience (qWave) é uma plataforma de rede para aplicativos de streaming de áudio e vídeo (AV) em redes IP domésticas. O qWave melhora o desempenho e a confiabilidade do streaming de AV, garantindo a qualidade do serviço (QoS) dos aplicativos de AV. Ele oferece mecanismos de controle de admissão, monitoramento e imposição em tempo de execução, comentário de aplicativo e priorização de tráfego."
Realtek Audio Universal Service;RtkAudioUniversalService;Automatic;Win32OwnProcess;"Realtek Audio Universal Service"
Reconhecimento de Locais de Rede;NlaSvc;Automatic;Win32OwnProcess, Win32ShareProcess;"Coleta e armazena informações de configuração para a rede e notifica os programas quando as informações são modificadas. Se esse serviço for parado, as informações de configuração poderão se tornar indisponíveis. Se for desabilitado, os serviços que dependerem dele explicitamente não serão iniciados."
Redirecionador de Portas do Modo do Usuário dos Serviços de Área de Trabalho;UmRdpService;Manual;Win32ShareProcess;"Permite o redirecionamento de Impressoras/Unidades/Portas de conexões de RDP"
Registro remoto;RemoteRegistry;Disabled;Win32ShareProcess;"Permite que usuários remotos modifiquem configurações do Registro neste computador. Se este serviço for parado, o Registro só poderá ser modificado por usuários deste computador. Se este serviço for desativado, os serviços que dependerem dele explicitamente não serão iniciados."
Rockstar Game Library Service;Rockstar Service;Manual;Win32OwnProcess;"This service ensures the integrity of your Rockstar game library and is used to install, update and uninstall titles."
Roteamento e Acesso Remoto;RemoteAccess;Manual;Win32ShareProcess;"Oferece serviços de roteamento a empresas em ambientes de rede local e de longa distância."
RPC (Chamada de Procedimento Remoto);RpcSs;Automatic;Win32ShareProcess;"O serviço RPCSS é o Gerenciador de Controle de Serviços para servidores COM e DCOM. Ele executa solicitações de ativações de objetos, resoluções do exportador de objetos e coleta de lixo distribuída para servidores COM e DCOM. Se esse serviço for interrompido ou desabilitado, os programas que utilizam COM ou DCOM não funcionarão corretamente. É altamente recomendado que o serviço RPCSS esteja em execução."
Salvar Jogos no Xbox Live;XblGameSave;Disabled;Win32ShareProcess;"Esse serviço sincroniza dados salvos para a opção salvar jogos habilitados no Xbox Live.  Se o serviço for interrompido, os dados de jogo salvos não serão carregados ou baixados diretamente do Xbox Live."
Server;LanmanServer;Automatic;Win32OwnProcess, Win32ShareProcess;"Oferece suporte a compartilhamento na rede de arquivo, impressão e pipes nomeados para este computador. Se este serviço for interrompido, quaisquer serviços que dele dependam diretamente não serão inicializados."
Servidor de Quadros de Câmera do Windows;FrameServer;Manual;Win32OwnProcess, Win32ShareProcess;"Permite que vários clientes acessem os quadros de vídeo de dispositivos com câmera."
Serviço AssignedAccessManager;AssignedAccessManagerSvc;Manual;Win32ShareProcess;"O Serviço AssignedAccessManager dá suporte à experiência de quiosque no Windows."
Serviço Assistente de Perfil Local;wlpasvc;Manual;Win32ShareProcess;"Este serviço fornece gerenciamento de perfil para módulos de identidade do assinante"
Serviço Auxiliar de Compatibilidade de Programas;PcaSvc;Manual;Win32OwnProcess, Win32ShareProcess;"Este serviço dá suporte ao PCA (Auxiliar de Compatibilidade de Programa).  O PCA monitora programas instalados e executados pelo usuário e detecta problemas de compatibilidade conhecidos. Se esse serviço for interrompido, o PCA não funcionará corretamente."
Serviço AVCTP;BthAvctpSvc;Manual;Win32OwnProcess, Win32ShareProcess;"Este é o serviço Protocolo de Transporte de Controle de Áudio e Vídeo"
Serviço Coletor de Padrões de Hub de Diagnóstico da Microsoft (R);diagnosticshub.standardcollector.service;Manual;Win32OwnProcess;"Serviço Coletor de Padrões de Hub de Diagnóstico. Quando executado, esse serviço coleta eventos ETW em tempo real e os processa."
Serviço Compositor de Áudio Volumétrico;VacSvc;Manual;Win32OwnProcess;"Hospeda análise espacial para simulação de áudio de Realidade Misturada."
Serviço da Lista de Redes;netprofm;Manual;Win32OwnProcess, Win32ShareProcess;"Identifica as redes às quais o computador está conectado, coleta e armazena as propriedades dessas redes e notifica os aplicativos quando as propriedades são alteradas."
Serviço de Aprimoramento de Exibição;DisplayEnhancementService;Manual;Win32OwnProcess, Win32ShareProcess;"Um serviço para gerenciar o aprimoramento da tela, como controle de brilho."
Serviço de Armazenamento;StorSvc;Manual;Win32OwnProcess, Win32ShareProcess;"Fornece serviços de habilitação para configuração de armazenamento e expansão de armazenamento externo"
Serviço de Associação de Dispositivo;DeviceAssociationService;Automatic;Win32OwnProcess, Win32ShareProcess;"Permite o emparelhamento entre o sistema e dispositivos com ou sem fio."
Serviço de Biometria do Windows;WbioSrvc;Disabled;Win32ShareProcess;"O serviço de biometria do Windows permite que os aplicativos cliente capturem, comparem, manipulem e armazenem dados biométricos sem obter acesso direto a nenhum exemplo ou hardware de biometria. Esse serviço é hospedado em um processo SVCHOST privilegiado."
Serviço de Cache de Fontes do Windows;FontCache;Automatic;Win32OwnProcess, Win32ShareProcess;"Otimiza o desempenho de aplicativos, armazenando em cache os dados de fonte usados com frequência. Os aplicativos iniciarão esse serviço caso ele ainda não esteja sendo executado. Ele pode ser desabilitado, embora isso prejudique o desempenho dos aplicativos."
Serviço de Compartilhamento de Dados;DsSvc;Manual;Win32OwnProcess, Win32ShareProcess;"Fornece troca de dados entre aplicativos."
Serviço de Compartilhamento de Porta Net.Tcp;NetTcpPortSharing;Manual;Win32ShareProcess;"Fornece a capacidade de compartilhar portas TCP no protocolo net.tcp."
Serviço de Compartilhamento de Rede do Windows Media Player;WMPNetworkSvc;Manual;Win32OwnProcess;"Compartilha bibliotecas do Windows Media Player com outros players e dispositivos de mídia da rede por meio de Universal Plug and Play"
Serviço de Configuração de Conversão de IP;IpxlatCfgSvc;Manual;Win32ShareProcess;"Configura e habilita a conversão de v4 em v6 e vice-versa"
Serviço de Configuração de Rede;NetSetupSvc;Manual;Win32OwnProcess, Win32ShareProcess;"O Serviço de Configuração de Rede gerencia a instalação dos drivers de rede e permite a configuração de definições de rede de baixo nível. Se o serviço for interrompido, todas as instalações de drivers em andamento podem ser canceladas."
Serviço de Criptografia de Unidade de Disco BitLocker;BDESVC;Manual;Win32OwnProcess, Win32ShareProcess;"O BDESVC hospeda o serviço de Criptografia de Unidade de Disco BitLocker. A Criptografia de Unidade de Disco BitLocker permite uma inicialização segura do sistema operacional e fornece uma criptografia completa para volumes do SO, fixos ou removíveis. Esse serviço permite que o BitLocker solicite a participação dos usuários durante a realização de várias ações relacionadas aos volumes quando são montados, e desbloqueia os volumes automaticamente, sem interação com o usuário. Além disso, ele armazena as informações de recuperação no Active Directory, se disponíveis, e, se necessário, garante que os cerificados de recuperação mais recentes sejam usados. Se o serviço for interrompido ou desabilitado, os usuários não poderão aproveitar essa funcionalidade."
Serviço de Dados de Sensor;SensorDataService;Manual;Win32OwnProcess;"Fornece dados de diversos sensores"
Serviço de Dados Espaciais;SharedRealitySvc;Manual;Win32ShareProcess;"Esse serviço é usado para cenários de Percepção Espacial"
Serviço de Demonstração de Revenda;RetailDemo;Disabled;Win32ShareProcess;"O serviço de Demonstração de Revenda controlará a atividade do dispositivo enquanto ele estiver no modo de demonstração de revenda."
Serviço de Descoberta Automática de Proxy da Web do WinHTTP;WinHttpAutoProxySvc;Manual;Win32OwnProcess, Win32ShareProcess;"O WinHTTP implementa a pilha de HTTP de cliente e fornece aos desenvolvedores uma API do Win32 e um componente de Automação COM para enviar solicitações HTTP e receber respostas. Além disso, o WinHTTP dá suporte à descoberta automática de configuração de proxy via implementação do protocolo WPAD."
Serviço de Desligamento de Convidado do Hyper-V;vmicshutdown;Disabled;Win32ShareProcess;"Fornece um mecanismo de desligamento do sistema operacional desta máquina virtual por meio das interfaces de gerenciamento no computador físico."
Serviço de Dispositivos de Interface Humana;hidserv;Manual;Win32OwnProcess, Win32ShareProcess;"Ativa e mantém o uso de botões de atalho em teclados, controles remotos e outros dispositivos multimídia. Recomendamos manter este serviço em execução."
Serviço de Enumeração de Dispositivo de Cartão Inteligente;ScDeviceEnum;Disabled;Win32ShareProcess;"Cria nós de dispositivo de software para todos os leitores de cartão inteligente acessíveis em determinada sessão. Se esse serviço estiver desabilitado, as APIs do WinRT não poderão enumerar os leitores de cartão inteligente."
Serviço de Experiência em Idiomas;LxpSvc;Manual;Win32OwnProcess, Win32ShareProcess;"Fornece suporte de infraestrutura para implantar e configurar recursos localizados do Windows. Este serviço é iniciado por demanda e, se desabilitado, idiomas adicionais do Windows não serão implantados no sistema, e o Windows poderá não funcionar corretamente."
Serviço de Gateway Bluetooth de Áudio;BTAGService;Manual;Win32OwnProcess, Win32ShareProcess;"Serviço que oferece suporte à função de gateway de áudio do Perfil Mãos Livres Bluetooth."
Serviço de Geolocalização;lfsvc;Disabled;Win32ShareProcess;"Esse serviço monitora a localização atual do sistema e gerencia as cercas geográficas (uma localização geográfica com eventos associados).  Se esse serviço for desativado, os aplicativos não poderão usar ou receber notificações de geolocalização ou cercas geográficas."
Serviço de Gerenciador de Licença do Windows;LicenseManager;Manual;Win32OwnProcess, Win32ShareProcess;"Fornece suporte de infraestrutura para a Microsoft Store. Este serviço é iniciado sob demanda e, se desabilitado, o conteúdo adquirido por meio da Microsoft Store não funcionará corretamente."
Serviço de Gerenciamento de Aplicativos Empresariais;EntAppSvc;Manual;Win32ShareProcess;"Permite o gerenciamento de aplicativos empresariais."
Serviço de Gerenciamento de Rádio;RmSvc;Disabled;Win32ShareProcess;"Serviço de Gerenciamento de Rádio e Modo Avião"
Serviço de gerenciamento do Windows;WManSvc;Manual;Win32ShareProcess;"Executa gerenciamento, incluindo atividades de provisionamento e registro"
Serviço de Histórico de Arquivos;fhsvc;Manual;Win32ShareProcess;"Protege arquivos de usuário contra perdas acidentais copiando-os para um local de backup"
Serviço de Host do Provedor de Criptografia do Windows;WEPHOSTSVC;Manual;Win32ShareProcess;"A criptografia dos agentes do Serviço de Host do Provedor de Criptografia do Windows relatou funcionalidades de Provedores de Criptografia de Terceiros em processos que precisam avaliar e aplicar políticas EAS. Se for interrompida, poderá comprometer as verificações de conformidade de EAS estabelecidas pelas Contas de Email conectadas"
Serviço de Host HV;HvHost;Disabled;Win32ShareProcess;"Oferece uma interface com o hipervisor Hyper-V para fornecer contadores de desempenho por partição para o sistema operacional do host."
Serviço de Hotspot Móvel do Windows;icssvc;Disabled;Win32ShareProcess;"Permite compartilhar uma conexão de dados da rede celular com outro dispositivo."
Serviço de Implantação AppX (AppXSVC);AppXSvc;Manual;Win32OwnProcess, Win32ShareProcess;"Fornece suporte de infraestrutura para a implantação de aplicativos da Store. Este serviço é iniciado sob demanda e, se desabilitado, os aplicativos da Store não serão implantados no sistema e poderão não funcionar corretamente."
Serviço de Infraestrutura de Tarefas de Segundo Plano;BrokerInfrastructure;Automatic;Win32ShareProcess;"Serviço de infraestrutura do Windows que controla quais tarefas de segundo plano podem ser executadas no sistema."
Serviço de Inspeção de Rede do Windows Defender Antivirus;WdNisSvc;Manual;Win32OwnProcess;"Ajuda a proteger contra tentativas de intrusão, abordando vulnerabilidades conhecidas e recentemente descobertas em protocolos de rede"
Serviço de Instalação da Microsoft Store;InstallService;Manual;Win32OwnProcess;"Fornece suporte de infraestrutura para a Microsoft Store. Este serviço é iniciado sob demanda e, se desabilitado, as instalações não funcionarão adequadamente."
Serviço de Instalação de Dispositivo;DeviceInstall;Manual;Win32OwnProcess, Win32ShareProcess;"Permite que um computador reconheça e se adapte a alterações de hardware com pouca ou nenhuma intervenção do usuário. Se este serviço for parado ou desativado, o sistema se tornará instável."
Serviço de Interface de Repositório de Rede;nsi;Automatic;Win32OwnProcess, Win32ShareProcess;"Esse serviço fornece notificações de rede (por exemplo, adição/exclusão de interface etc.) a clientes de modo de usuário. Se esse serviço for parado, causará perda de conectividade de rede. Se for desabilitado, os serviços que dependerem dele explicitamente não serão iniciados."
Serviço de Licenças de Cliente (ClipSVC);ClipSVC;Manual;Win32OwnProcess, Win32ShareProcess;"Fornece suporte de infraestrutura para a Microsoft Store. Esse serviço é iniciado por demanda e, se desabilitado, os aplicativos comprados na Windows Store não terão um comportamento correto."
Serviço de Mecanismo de Backup em Nível de Bloco;wbengine;Manual;Win32OwnProcess;"O serviço WBENGINE é usado pelo Backup do Windows para executar o backup e as operações de recuperação. Se o serviço foi interrompido pelo usuário, isso poderá causar falha no backup ou na operação de recuperação em execução no momento. A desabilitação desse serviço pode desabilitar as operações de backup e recuperação que usam o backup do Windows nesta máquina."
Serviço de Monitoramento de Sensor;SensrSvc;Manual;Win32ShareProcess;"Monitora vários sensores para expor dados e adaptar-se ao estado do sistema e do usuário.  Se esse serviço for interrompido ou desabilitado, o brilho do monitor não irá se adaptar às condições de iluminação. A parada desse serviço também pode afetar outras funcionalidades e recursos do sistema."
Serviço de Notificação de Eventos do Sistema;SENS;Automatic;Win32OwnProcess, Win32ShareProcess;"Monitora os eventos do sistema e notifica os assinantes do Sistema de Eventos COM+ sobre esses eventos."
Serviço de Percepção do Windows;spectrum;Manual;Win32OwnProcess;"Habilita a percepção espacial, a entrada espacial e a renderização holográfica."
Serviço de Perfil de Usuário;ProfSvc;Automatic;Win32OwnProcess, Win32ShareProcess;"Este serviço é responsável por carregar e descarregar perfis de usuários. Sua interrupção ou desabilitação pode impedir que os usuários entrem ou saiam, prejudicar o acesso dos aplicativos aos dados dos usuários e dificultar o recebimento de notificações de eventos de perfis por componentes registrados."
Serviço de Plataforma de Dispositivos Conectados;CDPSvc;Disabled;Win32ShareProcess;"Este serviço é usado para cenários de Plataforma de Dispositivos Conectados"
Serviço de Política de Diagnóstico;DPS;Automatic;Win32OwnProcess, Win32ShareProcess;"O Serviço de Política de Diagnóstico permite detecção, solução e resolução de problemas em componentes do Windows. Se esse serviço for interrompido, os diagnósticos não serão mais realizados."
Serviço de Publicação de Nome de Computador do PNRP;PNRPAutoReg;Manual;Win32ShareProcess;"Este serviço publica um nome de computador usando o protocolo PNRP (Peer Name Resolution Protocol). A configuração é gerenciada através do contexto netsh 'p2p pnrp peer' "
Serviço de Pulsação do Hyper-V;vmicheartbeat;Disabled;Win32ShareProcess;"Monitora o estado desta máquina virtual reportando uma pulsação em intervalos regulares. Este serviço ajuda o usuário a identificar as máquinas virtuais em execução que pararam de responder."
Serviço de Rede Xbox Live;XboxNetApiSvc;Disabled;Win32ShareProcess;"Esse serviço oferece suporte a interface de programação de aplicativo Windows.Networking.XboxLive."
Serviço de Registro de Gerenciamento de Dispositivos;DmEnrollmentSvc;Manual;Win32OwnProcess;"Executa Atividades de Registro de Dispositivos para o Gerenciamento de Dispositivo"
Serviço de Relatórios de Erro do Windows;WerSvc;Disabled;Win32OwnProcess;"Permite que os erros sejam relatados quando os programas param de funcionar ou de responder e possibilita que soluções existentes sejam oferecidas. Também permite que logs sejam gerados para os serviços de diagnóstico e reparo. Se esse serviço for interrompido, o relatório de erros pode não funcionar corretamente e os resultados dos serviços de diagnósticos e reparos podem não ser exibidos."
Serviço de Repositório de Estado;StateRepository;Manual;Win32OwnProcess, Win32ShareProcess;"Fornece o suporte necessário à infraestrutura para o modelo do aplicativo."
Serviço de Roteador AllJoyn;AJRouter;Disabled;Win32ShareProcess;"Roteia mensagens AllJoyn para os clientes AllJoyn locais. Se esse serviço for interrompido, os clientes AllJoyn que não têm seus próprios roteadores agrupados não poderão ser executados."
Serviço de Roteador SMS do Microsoft Windows;SmsRouter;Disabled;Win32ShareProcess;"Encaminha mensagens com base em regras aos clientes adequados."
Serviço de Roteamento de mensagens de envio por Push WAP do Gerenciamento de Dispositivos;dmwappushservice;Disabled;Win32ShareProcess;"Roteia as mensagens de envio por Push WAP recebidas pelo dispositivo e sincroniza as sessões de Gerenciamento de Dispositivos"
Serviço de Segurança do Windows;SecurityHealthService;Manual;Win32OwnProcess;"O Serviço de Segurança do Windows lida com a proteção do dispositivo e informações de integridade unificadas"
Serviço de Sensor;SensorService;Manual;Win32ShareProcess;"Um serviço para sensores que gerencia as diferentes funcionalidades dos sensores. Gerencia a SDO (Orientação de Dispositivo Simples) e o Histórico de sensores. Carrega o sensor de SDO que relata alterações de orientação de dispositivo. Se esse serviço for parado ou desabilitado, o sensor de SDO não será carregado e, portanto, a rotação automática não ocorrerá. A coleta de histórico dos Sensores também será interrompida."
Serviço de Simulação de Percepção do Windows;perceptionsimulation;Manual;Win32OwnProcess;"Habilita a simulação de percepção espacial, o gerenciamento de câmeras virtuais e a simulação de entrada espacial."
Serviço de Sincronização de Data/Hora do Hyper-V;vmictimesync;Disabled;Win32ShareProcess;"Sincroniza a hora do sistema desta máquina virtual com a hora do sistema do computador físico."
Serviço de solução de problemas recomendado;TroubleshootingSvc;Manual;Win32OwnProcess, Win32ShareProcess;"Permite a atenuação automática de problemas conhecidos aplicando a solução de problemas recomendada. Se interrompido, seu dispositivo não obterá a solução de problemas recomendada."
Serviço de Suporte a Bluetooth;bthserv;Manual;Win32OwnProcess, Win32ShareProcess;"O serviço Bluetooth dá suporte à descoberta e à associação de dispositivos Bluetooth remotos. A interrupção ou a desabilitação desse serviço pode fazer com que os dispositivos Bluetooth instalados não funcionem corretamente ou impedir a descoberta e a associação de novos dispositivos."
Serviço de Suporte a Usuários de Bluetooth_1c1eca42;BluetoothUserService_1c1eca42;Disabled;240;"O serviço de usuário de Bluetooth dá suporte à funcionalidade adequada dos recursos Bluetooth relevantes para cada sessão de usuário."
Serviço de Teclado Virtual e Painel de Manuscrito;TabletInputService;Disabled;Win32ShareProcess;"Habilita a funcionalidade de caneta e tinta do Teclado Virtual e Painel de Manuscrito"
Serviço de Telefonia;PhoneSvc;Disabled;Win32ShareProcess;"Gerencia o estado de telefonia no dispositivo"
Serviço de transferência inteligente de tela de fundo;BITS;Automatic;Win32OwnProcess, Win32ShareProcess;"Transfere arquivos em segundo plano usando largura de banda de rede ociosa. Se o serviço estiver desabilitado, qualquer aplicativo que dependa do BITS, como o Windows Update ou o MSN Explorer, não poderá baixar programas e outras informações automaticamente."
Serviço de Troca de Dados do Hyper-V;vmickvpexchange;Disabled;Win32ShareProcess;"Fornece um mecanismo de troca de dados entre a máquina virtual e o sistema operacional em execução no computador físico."
Serviço de User Experience Virtualization;UevAgentService;Manual;Win32OwnProcess;"Fornece suporte para roaming de configurações do sistema operacional e aplicativos"
Serviço de Usuário da Plataforma de Dispositivos Conectados_1c1eca42;CDPUserSvc_1c1eca42;Automatic;240;"Este serviço de usuário é usado para cenários de Plataforma de Dispositivos Conectados"
Serviço de Usuário da Área de Transferência_1c1eca42;cbdhsvc_1c1eca42;Manual;240;"Este serviço de usuário é usado para cenários de área de transferência"
Serviço de Usuário de Notificações por Push do Windows_1c1eca42;WpnUserService_1c1eca42;Automatic;240;"Este serviço hospeda a plataforma de notificação do Windows que dá suporte a notificações locais e por push. Notificações com suporte são bloco, notificação do sistema e notificação bruta."
Serviço de Usuário do GameDVR e Transmissão_1c1eca42;BcastDVRUserService_1c1eca42;Disabled;224;"Este serviço de usuário é usado para Gravações de Jogos e Transmissões Ao Vivo"
Serviço de Virtualização de Área de Trabalho Remota do Hyper-V;vmicrdv;Disabled;Win32ShareProcess;"Apresenta uma plataforma para comunicação entre a máquina virtual e o sistema operacional em execução no computador físico."
Serviço Direto do Hyper-V PowerShell;vmicvmsession;Disabled;Win32ShareProcess;"Fornece um mecanismo para gerenciar máquinas virtuais com o PowerShell por meio de sessão VM sem uma rede virtual."
Serviço do Bonjour;Bonjour Service;Manual;Win32OwnProcess;"Permite que os dispositivos de hardware e os serviços de software se configurem automaticamente na rede e comuniquem a sua presença."
Serviço do Brave Update (brave);brave;Manual;Win32OwnProcess;"Mantém o seu software do Brave atualizado. Se este serviço for desativado ou interrompido, o seu software do Brave não será mantido atualizado, o que significa que vulnerabilidades que poderão surgir na segurança não serão reparadas e recursos poderão não funcionar. Este serviço é desinstalado automaticamente quando não está sendo usado por nenhum software do Brave."
Serviço do Brave Update (bravem);bravem;Manual;Win32OwnProcess;"Mantém o seu software do Brave atualizado. Se este serviço for desativado ou interrompido, o seu software do Brave não será mantido atualizado, o que significa que vulnerabilidades que poderão surgir na segurança não serão reparadas e recursos poderão não funcionar. Este serviço é desinstalado automaticamente quando não está sendo usado por nenhum software do Brave."
Serviço do Gerenciador de Acesso de Recurso;camsvc;Manual;Win32OwnProcess, Win32ShareProcess;"Fornece recursos para o gerenciamento do acesso dos aplicativos UWP aos recursos de aplicativos, bem como a verificação de acesso do aplicativo aos recursos específicos dos aplicativos"
Serviço do Gerenciador de Conexões de Serviços do Wi-Fi Direct;WFDSConMgrSvc;Manual;Win32OwnProcess, Win32ShareProcess;"Gerencia as conexões com serviços sem fio, incluindo vídeo sem fio e encaixe."
Serviço do Google Update (gupdate);gupdate;Manual;Win32OwnProcess;"Mantém o seu software do Google atualizado. Se este serviço for desativado ou interrompido, o seu software do Google não será mantido atualizado, o que significa que vulnerabilidades que poderão surgir na segurança não serão reparadas e recursos poderão não funcionar. Este serviço é desinstalado automaticamente quando não está sendo usado por nenhum software do Google."
Serviço do Google Update (gupdatem);gupdatem;Manual;Win32OwnProcess;"Mantém o seu software do Google atualizado. Se este serviço for desativado ou interrompido, o seu software do Google não será mantido atualizado, o que significa que vulnerabilidades que poderão surgir na segurança não serão reparadas e recursos poderão não funcionar. Este serviço é desinstalado automaticamente quando não está sendo usado por nenhum software do Google."
Serviço do Participante do Programa Windows Insider;wisvc;Manual;Win32OwnProcess, Win32ShareProcess;"Fornece suporte de infraestrutura para o Programa Windows Insider. Este serviço deve permanecer habilitado para o Programa Windows Insider funcionar."
Serviço do Sistema de Notificações por Push do Windows;WpnService;Disabled;Win32ShareProcess;"Este serviço é executado na sessão 0 e hospeda a plataforma de notificação e o provedor conexão que manipula a conexão entre o dispositivo e o servidor WNS."
Serviço Enumerador de Dispositivos Portáteis;WPDBusEnum;Manual;Win32OwnProcess, Win32ShareProcess;"Impõe a política de grupo a dispositivos de armazenamento em massa removíveis. Permite que aplicativos, como o Windows Media Player e o Assistente de Importação de Imagens, transfiram e sincronizem conteúdo usando dispositivos de armazenamento em massa removíveis."
Serviço Gateway de Camada de Aplicativo;ALG;Manual;Win32OwnProcess;"Fornece suporte para plug-ins de protocolo de terceiros para o Compartilhamento de Conexão com a Internet"
Serviço Iniciador Microsoft iSCSI;MSiSCSI;Disabled;Win32ShareProcess;"Gerencia as sessões de Internet SCSI (iSCSI) deste computador para dispositivos de destino iSCSI remotos. Se este serviço for interrompido, o computador não poderá fazer logon ou acessar destinos iSCSI. Se este serviço estiver desabilitado, qualquer serviço que dependa explicitamente dele falhará ao iniciar."
Serviço Proteção Avançada contra Ameaças do Windows Defender;Sense;Manual;Win32OwnProcess;"O serviço Proteção Avançada contra Ameaças do Windows Defender ajuda a proteger contra ameaças avançadas monitorando e relatando eventos de segurança que ocorrem no computador."
Serviço SSTP;SstpSvc;Manual;Win32OwnProcess, Win32ShareProcess;"Oferece suporte ao SSTP para conectar-se a computadores remotos usando VPN. Se este serviço estiver desabilitado, os usuários não conseguirão usar o SSTP para acessar servidores remotos."
Serviço Windows Defender Antivirus;WinDefend;Automatic;Win32OwnProcess;"Ajudar a proteger os usuários contra malware e outros softwares potencialmente indesejados"
Serviço Windows PushToInstall;PushToInstall;Manual;Win32OwnProcess, Win32ShareProcess;"Fornece suporte de infraestrutura para a Microsoft Store. Este serviço é iniciado automaticamente e, se desabilitado, as instalações remotas não funcionarão corretamente."
Serviço Área de trabalho remota do Google Chrome;chromoting;Manual;Win32OwnProcess;"Este serviço permite conexões de entrada a partir de clientes da Área de trabalho remota do Google Chrome."
Serviços de criptografia;CryptSvc;Automatic;Win32OwnProcess, Win32ShareProcess;"Fornece três serviços de gerenciamento: Serviço de Banco de Dados de Catálogo, que confirma as assinaturas dos arquivos do Windows e permite que novos programas sejam instalados; Serviço de Raiz Protegida, que adiciona e remove Certificados de Autoridades de Certificação Raiz deste computador; e Serviço de Atualização Automática de Certificado Raiz, que recupera certificados raiz do Windows Update e habilita cenários como o SSL. Se este serviço for interrompido, os serviços de gerenciamento não funcionarão adequadamente. Se este serviço for desabilitado, todos os serviços que dele dependam diretamente deixarão de ser iniciados."
Serviços de Área de Trabalho Remota;TermService;Manual;Win32ShareProcess;"Permite que os usuários se conectem de forma interativa a um computador remoto. A Área de Trabalho Remota e o Servidor Host da Sessão da Área de Trabalho Remota dependem desse serviço. Para evitar a utilização remota desse computador, desmarque as caixas de seleção na guia Remoto do item Propriedades do sistema do painel de controle."
Shared PC Account Manager;shpamsvc;Manual;Win32ShareProcess;"Manages profiles and accounts on a SharedPC configured device"
SMP de Espaços de Armazenamento da Microsoft;smphost;Manual;Win32OwnProcess;"O serviço de host do provedor de gerenciamento de Espaços de Armazenamento da Microsoft. Se esse serviço é interrompido ou desabilitado, os Espaços de Armazenamento não podem ser gerenciados."
Solicitante de Cópia de Sombra de Volume do Hyper-V;vmicvss;Disabled;Win32ShareProcess;"Coordena as comunicações necessárias para usar o Serviço de Cópia de Sombra de Volume para fazer backup de aplicativos e dados desta máquina virtual por meio do sistema operacional no computador físico."
Spooler de Impressão;Spooler;Disabled;Win32OwnProcess, InteractiveProcess;"Este serviço processa trabalhos de impressão e faz a interação com a impressora. Se ele for interrompido, você não poderá mais imprimir ou ver suas impressoras."
SQL Server VSS Writer;SQLWriter;Automatic;Win32OwnProcess;"Provides the interface to backup/restore Microsoft SQL server through the Windows VSS infrastructure."
Steam Client Service;Steam Client Service;Manual;Win32OwnProcess;"Steam Client Service monitors and updates Steam content"
Suporte do Painel de Controle Relatórios de Problemas e Soluções;wercplsupport;Manual;Win32ShareProcess;"Este serviço oferece suporte para a exibição, o envio e a exclusão de relatórios de problemas relacionados ao sistema do painel de controle Relatórios de Problemas e Soluções."
SysMain;SysMain;Disabled;Win32ShareProcess;"Mantém e aprimora o desempenho do sistema com o passar do tempo."
System Guard Runtime Monitor Broker;SgrmBroker;Automatic;Win32OwnProcess;"Monitora e atesta a integridade da plataforma Windows."
TeamViewer 14;TeamViewer;Manual;Win32OwnProcess;"TeamViewer Remote Software"
Telefonia;TapiSrv;Manual;Win32OwnProcess, Win32ShareProcess;"Fornece suporte à API de Telefonia (TAPI) para programas que controlam dispositivos de telefonia no computador local e, via LAN, em servidores que também estiverem executando o serviço."
Temas;Themes;Automatic;Win32OwnProcess, Win32ShareProcess;"Fornece gerenciamento de temas para experiência do usuário."
Testador de instrumentação de gerenciam. do Windows;Winmgmt;Automatic;Win32OwnProcess, Win32ShareProcess;"Fornece uma interface comum e um modelo de objeto para o acesso a informações de gerenciamento sobre o sistema operacional, dispositivos, aplicativos e serviços. Se esse serviço for parado, a maioria dos itens de software baseados no Windows não funcionará corretamente. Se este serviço for desativado, os serviços que dependerem explicitamente dele não serão iniciados."
Uso de Dados;DusmSvc;Automatic;Win32OwnProcess;"Uso de dados da rede, limite de dados, restringir dados em segundo plano, redes limitadas."
Verificador de Ponto;svsvc;Manual;Win32ShareProcess;"Verifica possíveis corrupções do sistema de arquivos."
Visual Studio Standard Collector Service 150;VSStandardCollectorService150;Manual;Win32OwnProcess;"Visual Studio Data Collection Service. When running, this service collects real-time ETW events and processes them."
WalletService;WalletService;Disabled;Win32ShareProcess;"Objetos de hosts usados pelos clientes da carteira"
WarpJITSvc;WarpJITSvc;Manual;Win32OwnProcess;"Provides a JIT out of process service for WARP when running with ACG enabled."
Warsaw Technology;Warsaw Technology;Automatic;Win32OwnProcess;""
Waves Audio Services;WavesSysSvc;Automatic;Win32OwnProcess;"Waves Audio global services"
Windows Defender Firewall;mpssvc;Automatic;Win32ShareProcess;"O Windows Defender Firewall ajuda a proteger seu computador, impedindo que usuários não autorizados obtenham acesso ao seu computador ou pela Internet por uma rede."
Windows Installer;msiserver;Manual;Win32OwnProcess;"Adiciona, modifica e remove os aplicativos fornecidos como um pacote do Windows Installer (*.msi, *.msp). Se este serviço for desabilitado, todos os serviços que dependerem dele explicitamente não serão iniciados."
Windows Presentation Foundation Font Cache 3.0.0.0;FontCache3.0.0.0;Manual;Win32OwnProcess;"Otimiza o desempenho dos aplicativos do Windows Presentation Foundation (WPF) colocando em cache os dados de fontes usadas com freqüência. Os aplicativos do WPF iniciarão esse serviço caso ele ainda não esteja sendo executado. Ele pode ser desativado, ainda que isso diminuirá o desempenho dos aplicativos do WPF."
Windows Remote Management (WS-Management);WinRM;Disabled;Win32ShareProcess;"O serviço Windows Remote Management (WinRM) implementa o protocolo WS-Management para permitir gerenciamento remoto. O WS-Management é um protocolo de serviços Web padrão usado para gerenciamento de software e hardware remoto. O serviço WinRM escuta na rede as solicitações de WS-Management e as processa. O serviço WinRM precisa estar configurado com uma escuta que usa a ferramenta de linha de comando winrm.cmd ou por meio da Política de Grupo para escutar via rede. O serviço WinRM oferece acesso a dados WMI e habilita a coleta de eventos. A coleta e assinatura de eventos requerem que o serviço esteja em execução. As mensagens WinRM usam HTTP e HTTPS como transportes. O serviço WinRM não depende do IIS, mas é pré-configurado para compartilhar uma porta com o IIS no mesmo computador. O serviço WinRM reserva o prefixo de URL /wsman. Para evitar conflitos com o IIS, os administradores devem garantir que qualquer site hospedado no IIS não use o prefixo de URL /wsman."
Windows Search;WSearch;Manual;Win32OwnProcess;"Fornece indexação de conteúdo, cache de propriedade e resultados de pesquisa para arquivos, email e outros conteúdos."
Windows Update Medic Service;WaaSMedicSvc;Manual;Win32OwnProcess, Win32ShareProcess;"Enables remediation and protection of Windows Update components."
Windows Update;wuauserv;Manual;Win32OwnProcess, Win32ShareProcess;"Ativa a detecção, download e instalação de atualizações do Windows e de outros programas. Se o serviço for desativado, os usuários do computador não poderão usar o Windows Update ou o recurso de atualização automática, e os programas não poderão usar a API do Windows Update Agent (WUA)."
Xbox Accessory Management Service;XboxGipSvc;Disabled;Win32ShareProcess;"This service manages connected Xbox Accessories."
XTUOCDriverService;XTU3SERVICE;Manual;Win32OwnProcess;"Intel(R) Overclocking Component Service"
Áudio do Windows;Audiosrv;Automatic;Win32OwnProcess;"Gerencia áudio para programas baseados no Windows. Se esse serviço for interrompido, os dispositivos e efeitos de áudio não funcionarão corretamente. Se for desabilitado, qualquer serviço que dependa dele explicitamente não poderá ser iniciado"
